run_id,case_type,status,agent_calls,accepted,case_verified
construct-1246813fc0b7,case1.5,budget_exhausted,7,0,0
construct-143b1c2f748a,case3,budget_exhausted,15,0,0
construct-29365f8d6330,case1,completed,4,1,0
construct-2ce80d8f53a5,case1,interrupted,3,0,0
construct-3908678912ca,case1.5,failed,3,0,0
construct-735a823b4404,case1,interrupted,2,0,0
construct-7a4b61401aa7,case1.5,budget_exhausted,12,0,0
construct-7b2d5b971b3e,case3,infrastructure_error,0,0,0
construct-7c95b97c299f,case3,infrastructure_error,9,0,0
construct-871f8ae4b370,case1,source_preparation_failed,2,0,0
construct-926b987e0bec,case3,interrupted,0,0,0
construct-b1bfbe3383e3,case3,budget_exhausted,6,0,0
construct-bc802bb13cdb,case1.5,budget_exhausted,4,0,0
construct-c01d0fbc66c7,case1,infrastructure_error,3,0,0
construct-case1-val103-1791348058,case1,infrastructure_error,2,0,0
construct-case1-val103-network-1791348119,case1,failed,3,0,0
construct-cc9381746d0d,case1,infrastructure_error,2,0,0
construct-e52ef41ca8af,case1.5,source_preparation_failed,2,0,0
construct-ea8bbdafd915,case3,interrupted,2,0,0
construct-f5a9a32fa155,case1.5,interrupted,0,0,0
